impressions,clicks,sessions,transactions,revenue,ad_spend,ctr,click_to_session,conversion_rate,cpc,cpm,cpa,roas
36969560.0,735951.0,1415467.0,36797.0,2419605.8,491829.77,0.01990694506507516,1.923316905609205,0.025996367276665582,0.6682914623392047,13.303641428245292,13.366029024105227,4.919600129125977
