project,impressions,clicks,sessions,transactions,revenue,ad_spend,ctr,click_to_session,conversion_rate,cpc,cpm,cpa,roas
Project Alpha,14970513.0,349388.0,673602.0,14507.0,939455.8099999999,275646.39999999997,0.023338411983610714,1.9279482981670808,0.021536456245676232,0.7889406619574798,18.412622199386217,19.00092369201075,3.4081918356270933
Project Beta,12415668.0,228856.0,442831.0,11866.0,1065475.24,137013.5,0.01843283824921865,1.934976579158947,0.026795775363513394,0.5986886950746321,11.035531877946479,11.546730153379404,7.776425242768048
Project Gamma,9583379.0,157707.0,299034.0,10424.0,414674.75,79169.87,0.016456304190828726,1.8961365063059978,0.03485891236448029,0.5020060618742351,8.2611644598424,7.5949606676899455,5.237784904787643
